<?xml version="1.0"?>
<ASAP_Annotations>
	<Annotations>
		<Annotation Name="Annotation 3071" Type="Rectangle" PartOfGroup="None" Color="#F4FA58">
			<Coordinates>
				<Coordinate Order="0" X="68836.1719" Y="46355.5898" />
				<Coordinate Order="1" X="72596.2656" Y="46355.5898" />
				<Coordinate Order="2" X="72596.2656" Y="48175.957" />
				<Coordinate Order="3" X="68836.1719" Y="48175.957" />
			</Coordinates>
		</Annotation>
		<Annotation Name="Annotation 3075" Type="Rectangle" PartOfGroup="None" Color="#F4FA58">
			<Coordinates>
				<Coordinate Order="0" X="57588.2227" Y="50730.1094" />
				<Coordinate Order="1" X="61232.4414" Y="50730.1094" />
				<Coordinate Order="2" X="61232.4414" Y="52385.0078" />
				<Coordinate Order="3" X="57588.2227" Y="52385.0078" />
			</Coordinates>
		</Annotation>
		<Annotation Name="Annotation 3076" Type="Rectangle" PartOfGroup="None" Color="#F4FA58">
			<Coordinates>
				<Coordinate Order="0" X="68695.4219" Y="54956.0312" />
				<Coordinate Order="1" X="73214.8594" Y="54956.0312" />
				<Coordinate Order="2" X="73214.8594" Y="56882.5" />
				<Coordinate Order="3" X="68695.4219" Y="56882.5" />
			</Coordinates>
		</Annotation>
		<Annotation Name="Annotation 3077" Type="Rectangle" PartOfGroup="None" Color="#F4FA58">
			<Coordinates>
				<Coordinate Order="0" X="151523.109" Y="47753.5859" />
				<Coordinate Order="1" X="157484.047" Y="47753.5859" />
				<Coordinate Order="2" X="157484.047" Y="50741.1953" />
				<Coordinate Order="3" X="151523.109" Y="50741.1953" />
			</Coordinates>
		</Annotation>
	</Annotations>
	<AnnotationGroups />
</ASAP_Annotations>
